{
  "T_base_camera": [
    [
      0.8887967317863986,
      0.28521451474586407,
      -0.3587381358931588,
      0.8321457500837213
    ],
    [
      0.44708440216520673,
      -0.7117072852426584,
      0.541837870098709,
      -0.306852553515304
    ],
    [
      -0.100776519618396,
      -0.6419699531214892,
      -0.7600780699262387,
      0.5460871299938022
    ],
    [
      0.0,
      0.0,
      0.0,
      1.0
    ]
  ],
  "rmse": 0.002434955524264721,
  "points_count": 5
}
