{
  "timestamp": "2025-11-20T12:56:29.437819",
  "serial": "935322071697",
  "intrinsics": [
    606.5167236328125,
    605.992919921875,
    316.98876953125,
    235.64051818847656
  ],
  "extrinsics": [
    [
      -0.47055580643315087,
      -0.37561388946893404,
      -0.7984306100532885,
      0.24895238088865873
    ],
    [
      -0.6600291194015566,
      0.750377866382916,
      0.03598081689773558,
      0.20461626072751238
    ],
    [
      -0.5856097630453686,
      -0.5439184347681572,
      0.6010107667465743,
      1.2375570881651297
    ],
    [
      0.0,
      0.0,
      0.0,
      1.0
    ]
  ],
  "board_params": {
    "squares_x": 5,
    "squares_y": 5,
    "square_length": 0.11176,
    "marker_length": 0.089408
  },
  "board_to_robot_offset": [
    [
      0.0,
      -1.0,
      0.0,
      0.0
    ],
    [
      -1.0,
      0.0,
      0.0,
      0.3
    ],
    [
      0.0,
      0.0,
      1.0,
      0.07
    ],
    [
      0.0,
      0.0,
      0.0,
      1.0
    ]
  ]
}